participant_ID,program_ID,overall_engagement,overall_pre_interest
1001,1,3,4
1001,1,2.75,4
1001,1,2.75,4
1001,1,2.5,4
1001,1,3,4
1001,1,2.5,4
1001,1,2.75,4
1001,1,3.25,4
1001,1,3.75,4
1001,1,3,4
1002,1,3.5,3.6666666666666665
1002,1,3.75,3.6666666666666665
1002,1,3.5,3.6666666666666665
1002,1,3.5,3.6666666666666665
1002,1,3.75,3.6666666666666665
1002,1,3.75,3.6666666666666665
1002,1,3,3.6666666666666665
1002,1,2.75,3.6666666666666665
1002,1,4,3.6666666666666665
1002,1,4,3.6666666666666665
1002,1,3.5,3.6666666666666665
1002,1,3.25,3.6666666666666665
1002,1,4,3.6666666666666665
1002,1,4,3.6666666666666665
1002,1,4,3.6666666666666665
1002,1,4,3.6666666666666665
1002,1,4,3.6666666666666665
1002,1,3.25,3.6666666666666665
1002,1,3.5,3.6666666666666665
1002,1,3.75,3.6666666666666665
1002,1,4,3.6666666666666665
1002,1,3,3.6666666666666665
1003,1,2.5,3.6666666666666665
1003,1,2,3.6666666666666665
1003,1,3,3.6666666666666665
1003,1,3.25,3.6666666666666665
1003,1,2,3.6666666666666665
1003,1,2.25,3.6666666666666665
1003,1,2.5,3.6666666666666665
1003,1,3,3.6666666666666665
1003,1,2.25,3.6666666666666665
1003,1,3,3.6666666666666665
1003,1,2.75,3.6666666666666665
1003,1,2.75,3.6666666666666665
1003,1,2.75,3.6666666666666665
1003,1,2.5,3.6666666666666665
1003,1,2.75,3.6666666666666665
1003,1,3,3.6666666666666665
1004,1,3.5,1.3333333333333333
1004,1,4,1.3333333333333333
1004,1,4,1.3333333333333333
1004,1,4,1.3333333333333333
1004,1,4,1.3333333333333333
1004,1,4,1.3333333333333333
1004,1,4,1.3333333333333333
1004,1,4,1.3333333333333333
1004,1,4,1.3333333333333333
1004,1,4,1.3333333333333333
1004,1,4,1.3333333333333333
1004,1,4,1.3333333333333333
1004,1,4,1.3333333333333333
1004,1,4,1.3333333333333333
1005,1,3,3.3333333333333335
1005,1,3.25,3.3333333333333335
1005,1,3,3.3333333333333335
1005,1,3,3.3333333333333335
1005,1,3,3.3333333333333335
1005,1,3,3.3333333333333335
1005,1,3,3.3333333333333335
1005,1,3,3.3333333333333335
1005,1,2.5,3.3333333333333335
1005,1,2.5,3.3333333333333335
1005,1,3,3.3333333333333335
1005,1,2.75,3.3333333333333335
1005,1,3,3.3333333333333335
1005,1,2.75,3.3333333333333335
1005,1,3,3.3333333333333335
1005,1,3,3.3333333333333335
1005,1,2,3.3333333333333335
1005,1,3,3.3333333333333335
1005,1,3,3.3333333333333335
1005,1,3,3.3333333333333335
1005,1,2.75,3.3333333333333335
1005,1,2.75,3.3333333333333335
1005,1,3,3.3333333333333335
1005,1,2.75,3.3333333333333335
1006,1,2.25,3.6666666666666665
1006,1,2,3.6666666666666665
1006,1,2.25,3.6666666666666665
1006,1,2.75,3.6666666666666665
1007,1,2,3.3333333333333335
1007,1,2.5,3.3333333333333335
1007,1,2.25,3.3333333333333335
1007,1,2,3.3333333333333335
1007,1,2.25,3.3333333333333335
1007,1,1.75,3.3333333333333335
1007,1,2.5,3.3333333333333335
1007,1,2.5,3.3333333333333335
1007,1,2.25,3.3333333333333335
1007,1,2.5,3.3333333333333335
1007,1,2,3.3333333333333335
1007,1,2.25,3.3333333333333335
1007,1,2,3.3333333333333335
1007,1,2.5,3.3333333333333335
1007,1,2.25,3.3333333333333335
1007,1,2.25,3.3333333333333335
1007,1,2,3.3333333333333335
1007,1,2.25,3.3333333333333335
1007,1,1,3.3333333333333335
1007,1,2,3.3333333333333335
1007,1,2,3.3333333333333335
1007,1,2.25,3.3333333333333335
1007,1,2,3.3333333333333335
1008,1,1.75,4
1008,1,2.5,4
1008,1,2.5,4
1008,1,2.25,4
1008,1,2.5,4
1008,1,1.75,4
1008,1,1.5,4
1008,1,1.25,4
1008,1,2.5,4
1008,1,3.25,4
1008,1,1.25,4
1008,1,2,4
1008,1,2.75,4
1008,1,1.75,4
1008,1,1,4
1008,1,2.5,4
1009,1,3,4
1009,1,2,4
1009,1,3.5,4
1009,1,3.25,4
1009,1,2.25,4
1009,1,2.25,4
1009,1,2.25,4
1009,1,2.25,4
1009,1,2.25,4
1009,1,2.25,4
1009,1,2.25,4
1010,1,3.25,3
1010,1,4,3
1010,1,2.5,3
1010,1,2.75,3
1010,1,3,3
1010,1,3.25,3
1010,1,3,3
1010,1,3.25,3
1010,1,3.25,3
1010,1,3,3
1010,1,2.75,3
1010,1,3,3
2012,2,2.5,1
2012,2,3.5,1
2012,2,1.75,1
2012,2,2,1
2012,2,1.75,1
2012,2,3.25,1
2012,2,2.25,1
2012,2,2.5,1
2012,2,3.75,1
2012,2,2.5,1
2012,2,2.25,1
2012,2,1.75,1
2012,2,2,1
2012,2,1.5,1
2012,2,2.25,1
2012,2,2.25,1
2012,2,1.75,1
2012,2,2.5,1
2012,2,2.75,1
2012,2,2.75,1
2013,2,2.25,1
2013,2,1.5,1
2013,2,1.75,1
2013,2,1,1
2013,2,2.5,1
2013,2,2,1
2013,2,1.5,1
2013,2,1.75,1
2013,2,1.5,1
2013,2,2.5,1
2013,2,1,1
2013,2,1.75,1
2014,2,2,1.6666666666666667
2014,2,2.5,1.6666666666666667
2014,2,2.5,1.6666666666666667
2014,2,3.75,1.6666666666666667
2014,2,1.75,1.6666666666666667
2014,2,3,1.6666666666666667
2014,2,2.75,1.6666666666666667
2014,2,3,1.6666666666666667
2014,2,3,1.6666666666666667
2014,2,3,1.6666666666666667
2014,2,2.5,1.6666666666666667
2014,2,3.25,1.6666666666666667
2014,2,3,1.6666666666666667
2014,2,2.75,1.6666666666666667
2014,2,3,1.6666666666666667
2014,2,3.25,1.6666666666666667
2014,2,2.5,1.6666666666666667
2014,2,2.5,1.6666666666666667
2014,2,2.5,1.6666666666666667
2014,2,3,1.6666666666666667
2015,2,3.5,2
2015,2,3.25,2
2015,2,3.5,2
2015,2,3.25,2
2015,2,4,2
2015,2,3,2
2015,2,3.5,2
2015,2,3.5,2
2015,2,3,2
2015,2,3,2
2015,2,3.25,2
2015,2,4,2
2015,2,3.5,2
2015,2,3.75,2
2015,2,3.75,2
2015,2,3,2
2018,2,1.75,3
2018,2,2,3
2018,2,2,3
2018,2,2,3
2018,2,1,3
2018,2,2.5,3
2018,2,2,3
2018,2,2,3
2018,2,2.5,3
2018,2,2,3
2018,2,2,3
2018,2,2,3
2018,2,2.5,3
2018,2,2,3
2018,2,2,3
2018,2,2,3
2018,2,2.25,3
2018,2,2,3
2018,2,1.25,3
2018,2,1.75,3
2018,2,1.75,3
2018,2,2.25,3
2018,2,1.5,3
2018,2,2,3
2019,2,2,2.3333333333333335
2019,2,3,2.3333333333333335
2019,2,2.25,2.3333333333333335
2019,2,2,2.3333333333333335
2019,2,2,2.3333333333333335
2019,2,2,2.3333333333333335
2019,2,2,2.3333333333333335
2019,2,2,2.3333333333333335
2019,2,2,2.3333333333333335
2019,2,2,2.3333333333333335
2019,2,2,2.3333333333333335
2019,2,2,2.3333333333333335
2019,2,2,2.3333333333333335
2019,2,2,2.3333333333333335
2019,2,2,2.3333333333333335
2019,2,2.25,2.3333333333333335
2019,2,1.75,2.3333333333333335
2019,2,2,2.3333333333333335
2019,2,2,2.3333333333333335
2019,2,2,2.3333333333333335
2019,2,2,2.3333333333333335
2019,2,2,2.3333333333333335
2019,2,2,2.3333333333333335
2020,2,2.25,1
2020,2,2.5,1
2020,2,1.75,1
2020,2,2,1
2020,2,2.25,1
2020,2,1.5,1
2020,2,2,1
2021,2,2,1
2021,2,2,1
2021,2,2.25,1
2021,2,3,1
2021,2,2.75,1
2021,2,2.25,1
2021,2,2.5,1
2021,2,2.5,1
2021,2,3,1
2021,2,2,1
2021,2,2.25,1
2021,2,2.5,1
2021,2,2.75,1
2021,2,2.25,1
2021,2,2.25,1
2021,2,1.75,1
2021,2,2.5,1
2022,2,2.5,3
2022,2,3.5,3
2022,2,3,3
2022,2,2.5,3
2022,2,2.25,3
2022,2,2,3
2022,2,3,3
2022,2,2.75,3
2022,2,2.25,3
2022,2,2.5,3
2022,2,3,3
2022,2,2.75,3
2022,2,2.25,3
2022,2,2.25,3
2022,2,2.25,3
2022,2,2.25,3
2022,2,2.25,3
2022,2,1.5,3
2022,2,2.25,3
2023,2,1.5,1
2023,2,1.5,1
2023,2,2.75,1
2023,2,1.25,1
2025,2,3.25,2
2025,2,2.75,2
2025,2,3.25,2
2025,2,4,2
2025,2,3.5,2
2025,2,3.5,2
2025,2,3.25,2
2025,2,3.5,2
2025,2,3.75,2
2025,2,3.5,2
2025,2,4,2
2025,2,3.5,2
2025,2,3.75,2
2025,2,2.25,2
2025,2,2.75,2
2025,2,2.75,2
2025,2,2.75,2
2025,2,3.25,2
2025,2,2.75,2
2025,2,3.25,2
2025,2,2.5,2
2025,2,2.75,2
2038,2,3.5,2.3333333333333335
2038,2,4,2.3333333333333335
2038,2,3.5,2.3333333333333335
2038,2,2.5,2.3333333333333335
2038,2,2.25,2.3333333333333335
2038,2,2.75,2.3333333333333335
2038,2,3.5,2.3333333333333335
2038,2,4,2.3333333333333335
2038,2,4,2.3333333333333335
2038,2,4,2.3333333333333335
2038,2,2.75,2.3333333333333335
2038,2,3.25,2.3333333333333335
2038,2,3.5,2.3333333333333335
2038,2,4,2.3333333333333335
2038,2,4,2.3333333333333335
2038,2,4,2.3333333333333335
2038,2,2.75,2.3333333333333335
2038,2,1,2.3333333333333335
2038,2,4,2.3333333333333335
2038,2,4,2.3333333333333335
2038,2,1,2.3333333333333335
2038,2,3,2.3333333333333335
2039,2,2.25,1.3333333333333333
2039,2,1.75,1.3333333333333333
2039,2,2.5,1.3333333333333333
2039,2,2.75,1.3333333333333333
2039,2,3.5,1.3333333333333333
2039,2,3.75,1.3333333333333333
2039,2,1.75,1.3333333333333333
2039,2,1.75,1.3333333333333333
2039,2,1.5,1.3333333333333333
2039,2,3.5,1.3333333333333333
2039,2,2.5,1.3333333333333333
2039,2,2,1.3333333333333333
2039,2,2,1.3333333333333333
2039,2,2.25,1.3333333333333333
2039,2,2,1.3333333333333333
2039,2,2.5,1.3333333333333333
2039,2,2,1.3333333333333333
2039,2,2.5,1.3333333333333333
2039,2,2,1.3333333333333333
2039,2,2.5,1.3333333333333333
2039,2,1.75,1.3333333333333333
2039,2,2.75,1.3333333333333333
2039,2,2.25,1.3333333333333333
2040,2,1.5,NA
2040,2,3,NA
2040,2,2.25,NA
2040,2,3.5,NA
2040,2,1.25,NA
2040,2,1,NA
2040,2,1,NA
2040,2,2.25,NA
2040,2,1,NA
2040,2,1,NA
2040,2,1,NA
2040,2,1,NA
2040,2,1,NA
2040,2,2,NA
2040,2,1,NA
2040,2,1,NA
2040,2,1,NA
2040,2,1,NA
2040,2,1,NA
2040,2,1,NA
2041,2,3,2.3333333333333335
2041,2,2,2.3333333333333335
2041,2,1.25,2.3333333333333335
2041,2,2,2.3333333333333335
2041,2,1,2.3333333333333335
2041,2,1,2.3333333333333335
2041,2,1.25,2.3333333333333335
2041,2,1,2.3333333333333335
2041,2,1.5,2.3333333333333335
2041,2,1.25,2.3333333333333335
2041,2,1.25,2.3333333333333335
2041,2,1.75,2.3333333333333335
2041,2,1.5,2.3333333333333335
2041,2,1.75,2.3333333333333335
2041,2,2.5,2.3333333333333335
2041,2,1.25,2.3333333333333335
2041,2,1.75,2.3333333333333335
2041,2,1,2.3333333333333335
2041,2,1,2.3333333333333335
2041,2,1.25,2.3333333333333335
2041,2,1.25,2.3333333333333335
2041,2,2.25,2.3333333333333335
2041,2,4,2.3333333333333335
2041,2,3,2.3333333333333335
2042,2,1.75,1.6666666666666667
2042,2,1.25,1.6666666666666667
2042,2,1,1.6666666666666667
2042,2,2.25,1.6666666666666667
2042,2,3,1.6666666666666667
2042,2,2,1.6666666666666667
2042,2,1.5,1.6666666666666667
2042,2,2,1.6666666666666667
2042,2,2,1.6666666666666667
2042,2,1.25,1.6666666666666667
2042,2,2.75,1.6666666666666667
2042,2,3.25,1.6666666666666667
2042,2,2.25,1.6666666666666667
2042,2,2,1.6666666666666667
2042,2,2,1.6666666666666667
2042,2,1,1.6666666666666667
2042,2,1.25,1.6666666666666667
2042,2,1.75,1.6666666666666667
2042,2,1.5,1.6666666666666667
2042,2,2,1.6666666666666667
2042,2,1,1.6666666666666667
2042,2,1.5,1.6666666666666667
2042,2,2,1.6666666666666667
2043,2,4,3.3333333333333335
2043,2,3.5,3.3333333333333335
2043,2,3.75,3.3333333333333335
2043,2,4,3.3333333333333335
2043,2,4,3.3333333333333335
2043,2,4,3.3333333333333335
2043,2,3,3.3333333333333335
2043,2,3,3.3333333333333335
2043,2,4,3.3333333333333335
2043,2,4,3.3333333333333335
2043,2,3.5,3.3333333333333335
2043,2,4,3.3333333333333335
2043,2,4,3.3333333333333335
2043,2,4,3.3333333333333335
2043,2,3.75,3.3333333333333335
2043,2,3.75,3.3333333333333335
2043,2,4,3.3333333333333335
2043,2,4,3.3333333333333335
2043,2,3.75,3.3333333333333335
2043,2,4,3.3333333333333335
2043,2,4,3.3333333333333335
2043,2,4,3.3333333333333335
2043,2,3,3.3333333333333335
2043,2,4,3.3333333333333335
5044,5,3.25,3
5044,5,4,3
5044,5,2.5,3
5044,5,3.75,3
5044,5,2.25,3
5044,5,3.5,3
5044,5,3.25,3
5044,5,3.25,3
5044,5,3.75,3
5044,5,3,3
2045,2,2.75,2.6666666666666665
2045,2,2.75,2.6666666666666665
2045,2,2,2.6666666666666665
2045,2,1.75,2.6666666666666665
2045,2,3,2.6666666666666665
2045,2,4,2.6666666666666665
2045,2,2,2.6666666666666665
2045,2,2.5,2.6666666666666665
2045,2,2,2.6666666666666665
2045,2,2.5,2.6666666666666665
2045,2,2.75,2.6666666666666665
2045,2,3.75,2.6666666666666665
2045,2,2.75,2.6666666666666665
2045,2,2.25,2.6666666666666665
2045,2,2.25,2.6666666666666665
2046,2,1,3
2046,2,4,3
2046,2,3.25,3
2046,2,4,3
2046,2,3,3
2046,2,4,3
2046,2,4,3
2046,2,2.75,3
2046,2,4,3
2046,2,4,3
2046,2,3.5,3
2046,2,4,3
2046,2,4,3
2046,2,4,3
2046,2,4,3
2046,2,4,3
2046,2,4,3
2046,2,4,3
2046,2,4,3
2047,2,2.75,1
2047,2,2.75,1
2047,2,3.5,1
2047,2,2.75,1
2047,2,2,1
2047,2,2.75,1
2047,2,1.25,1
2047,2,3.75,1
2047,2,3.5,1
2047,2,4,1
2047,2,2.75,1
2047,2,1,1
2047,2,3.75,1
2047,2,2.75,1
2047,2,4,1
1048,1,3.25,3.3333333333333335
1048,1,3.75,3.3333333333333335
1048,1,2.5,3.3333333333333335
1048,1,3.25,3.3333333333333335
1048,1,3,3.3333333333333335
1048,1,2,3.3333333333333335
1048,1,2,3.3333333333333335
1048,1,2,3.3333333333333335
1048,1,2,3.3333333333333335
1048,1,2,3.3333333333333335
1048,1,2,3.3333333333333335
1048,1,2,3.3333333333333335
8200,8,3.25,4
8200,8,3.25,4
8200,8,3.75,4
8200,8,3.75,4
8200,8,2.75,4
8200,8,2.5,4
8200,8,2,4
8200,8,2.5,4
8200,8,2,4
8200,8,3,4
8200,8,3.25,4
8201,8,3,3
8201,8,2.5,3
8201,8,2,3
8201,8,3,3
8201,8,2.25,3
8201,8,2.5,3
8201,8,2.25,3
8201,8,2,3
8201,8,2.25,3
8201,8,2.25,3
8201,8,2,3
8201,8,2.25,3
8201,8,3,3
8201,8,2.75,3
8201,8,2,3
8201,8,1.5,3
8201,8,2.25,3
8201,8,1.75,3
8201,8,2.25,3
4056,4,3.75,NA
4056,4,2.5,NA
4056,4,3.5,NA
4056,4,3,NA
4056,4,3,NA
4056,4,3,NA
4056,4,2.25,NA
4056,4,3.25,NA
4093,4,4,4
4093,4,3.75,4
4093,4,4,4
4093,4,3,4
4093,4,4,4
4093,4,2.75,4
4093,4,3.75,4
4093,4,4,4
4093,4,4,4
4093,4,4,4
4093,4,4,4
4093,4,2,4
4093,4,3,4
4093,4,4,4
4093,4,1.75,4
4093,4,2.25,4
4066,4,2,3.3333333333333335
4066,4,2,3.3333333333333335
4066,4,1.75,3.3333333333333335
4066,4,2.5,3.3333333333333335
4066,4,2,3.3333333333333335
4066,4,3,3.3333333333333335
4066,4,2.5,3.3333333333333335
4066,4,2.75,3.3333333333333335
4066,4,2,3.3333333333333335
4066,4,2.25,3.3333333333333335
4066,4,1.5,3.3333333333333335
4066,4,1.25,3.3333333333333335
4066,4,2.25,3.3333333333333335
4066,4,1.75,3.3333333333333335
4066,4,1.5,3.3333333333333335
4066,4,2.5,3.3333333333333335
4066,4,3,3.3333333333333335
4066,4,2.25,3.3333333333333335
4067,4,3.25,4
4067,4,3.75,4
4067,4,2.25,4
4067,4,2.75,4
4067,4,3.5,4
4067,4,3.25,4
4067,4,2.25,4
4067,4,3.5,4
4067,4,3.25,4
4067,4,2.25,4
4067,4,2.75,4
4067,4,3.75,4
4067,4,3.5,4
4067,4,3.25,4
4067,4,3.25,4
4067,4,2,4
4067,4,2.75,4
4067,4,3.5,4
4067,4,2.5,4
4067,4,2.5,4
4068,4,2.75,4
4068,4,1.5,4
4068,4,1.25,4
4068,4,2.25,4
4068,4,2.75,4
4068,4,2.25,4
4068,4,3,4
4068,4,2.5,4
4068,4,3,4
4068,4,3,4
4068,4,3.5,4
4068,4,4,4
4068,4,4,4
4068,4,3.5,4
4068,4,2.75,4
4068,4,4,4
4068,4,3.75,4
4068,4,2.5,4
4068,4,3.5,4
4068,4,3.25,4
4068,4,3.25,4
4069,4,3,3
4069,4,2.75,3
4069,4,3,3
4069,4,3,3
4069,4,3,3
4069,4,3,3
4069,4,2.75,3
4069,4,3,3
4069,4,3,3
4069,4,2.25,3
4069,4,3,3
4069,4,3,3
4069,4,2.5,3
4069,4,3,3
4070,4,4,4
4070,4,2.75,4
4070,4,1,4
4070,4,4,4
4070,4,4,4
4070,4,4,4
4070,4,4,4
4070,4,4,4
4070,4,3.75,4
4070,4,4,4
4070,4,4,4
4070,4,4,4
4070,4,4,4
4070,4,4,4
4070,4,4,4
4070,4,4,4
4071,4,3.25,3.6666666666666665
4071,4,1.75,3.6666666666666665
4071,4,3.25,3.6666666666666665
4071,4,2,3.6666666666666665
4071,4,1.75,3.6666666666666665
4071,4,2.5,3.6666666666666665
4073,4,3.25,3
4073,4,4,3
4073,4,4,3
4073,4,4,3
4073,4,2.25,3
4073,4,2.25,3
4073,4,2.75,3
4074,4,3.25,4
4074,4,3,4
4075,4,2,3.6666666666666665
4075,4,2.75,3.6666666666666665
4075,4,2.75,3.6666666666666665
4075,4,2,3.6666666666666665
4075,4,2,3.6666666666666665
4075,4,2,3.6666666666666665
4075,4,2,3.6666666666666665
4075,4,2,3.6666666666666665
4075,4,2,3.6666666666666665
4075,4,2.25,3.6666666666666665
4998,4,1,NA
4998,4,2.5,NA
4998,4,3.25,NA
4998,4,2.5,NA
4998,4,2,NA
4998,4,2.75,NA
4998,4,2.75,NA
4998,4,3.25,NA
4998,4,3,NA
4998,4,3,NA
4998,4,1.25,NA
4077,4,3.75,1.6666666666666667
4077,4,2.25,1.6666666666666667
4077,4,3.75,1.6666666666666667
4077,4,2,1.6666666666666667
4077,4,2.25,1.6666666666666667
4077,4,1.25,1.6666666666666667
4077,4,1.5,1.6666666666666667
4078,4,3.5,2.6666666666666665
4078,4,4,2.6666666666666665
4078,4,2.25,2.6666666666666665
4078,4,2.25,2.6666666666666665
4078,4,3,2.6666666666666665
4078,4,2.75,2.6666666666666665
4078,4,2,2.6666666666666665
4078,4,2,2.6666666666666665
4078,4,2,2.6666666666666665
4078,4,2.5,2.6666666666666665
4078,4,2.5,2.6666666666666665
4078,4,2,2.6666666666666665
4078,4,2,2.6666666666666665
4078,4,3,2.6666666666666665
4078,4,2.75,2.6666666666666665
4079,4,4,3
4079,4,3,3
4079,4,2.75,3
4079,4,3.25,3
4079,4,4,3
4079,4,3,3
4079,4,3.25,3
4079,4,4,3
4079,4,4,3
4079,4,4,3
4079,4,4,3
4079,4,4,3
4079,4,4,3
4079,4,4,3
4079,4,4,3
4079,4,4,3
4079,4,4,3
4080,4,1.25,3.3333333333333335
4080,4,2,3.3333333333333335
4080,4,2.75,3.3333333333333335
4080,4,3.5,3.3333333333333335
4080,4,3.5,3.3333333333333335
4080,4,1.75,3.3333333333333335
4080,4,1.5,3.3333333333333335
4080,4,2.75,3.3333333333333335
4080,4,1.75,3.3333333333333335
4080,4,3.25,3.3333333333333335
4080,4,3,3.3333333333333335
4080,4,3,3.3333333333333335
4080,4,2.25,3.3333333333333335
4080,4,2.75,3.3333333333333335
4081,4,3.25,3
4081,4,1,3
4081,4,3.25,3
4081,4,3,3
4081,4,3.75,3
4081,4,3.5,3
4081,4,3.25,3
4081,4,2.25,3
4081,4,3.5,3
4081,4,4,3
4081,4,2.75,3
4082,4,3.5,2.3333333333333335
4082,4,3.25,2.3333333333333335
4082,4,4,2.3333333333333335
4083,4,2,2.3333333333333335
4083,4,1.25,2.3333333333333335
4083,4,2.25,2.3333333333333335
4083,4,2,2.3333333333333335
4083,4,4,2.3333333333333335
4083,4,4,2.3333333333333335
4083,4,4,2.3333333333333335
4083,4,3.25,2.3333333333333335
4083,4,3,2.3333333333333335
4083,4,4,2.3333333333333335
4083,4,4,2.3333333333333335
4083,4,4,2.3333333333333335
4083,4,3,2.3333333333333335
4084,4,3.25,3.6666666666666665
4084,4,3,3.6666666666666665
4084,4,3,3.6666666666666665
4084,4,3.5,3.6666666666666665
4084,4,2.75,3.6666666666666665
4084,4,2.75,3.6666666666666665
4084,4,2.5,3.6666666666666665
4084,4,3.75,3.6666666666666665
4084,4,3.25,3.6666666666666665
4084,4,2,3.6666666666666665
4084,4,2.75,3.6666666666666665
4999,4,3,NA
4999,4,3,NA
4999,4,3,NA
4999,4,3,NA
4999,4,3,NA
4999,4,3,NA
4086,4,2.5,4
4086,4,2.5,4
4086,4,3,4
4086,4,3,4
4086,4,2.75,4
4086,4,2.5,4
4086,4,2.75,4
4086,4,2.75,4
4086,4,2.25,4
4086,4,2.75,4
4086,4,2.25,4
4086,4,2.25,4
4086,4,3.25,4
4086,4,3,4
4086,4,2.5,4
4086,4,2.75,4
4086,4,2.25,4
4086,4,2.5,4
4087,4,3.75,NA
4087,4,2.25,NA
4087,4,2.75,NA
4087,4,3,NA
4087,4,3,NA
4087,4,3.5,NA
4087,4,3.5,NA
4087,4,3.5,NA
4087,4,3.5,NA
4087,4,3.5,NA
4088,4,4,2.6666666666666665
4088,4,1.5,2.6666666666666665
4088,4,3.75,2.6666666666666665
4088,4,4,2.6666666666666665
4088,4,4,2.6666666666666665
4088,4,3.75,2.6666666666666665
4089,4,2.75,NA
4089,4,3.5,NA
4089,4,2.25,NA
4089,4,3.5,NA
4089,4,2.5,NA
4089,4,3.25,NA
4089,4,1.75,NA
4089,4,1.75,NA
4090,4,4,NA
4090,4,3,NA
4090,4,3.25,NA
4090,4,3.25,NA
4090,4,2.75,NA
4090,4,2.75,NA
4090,4,3,NA
4090,4,3,NA
4090,4,4,NA
4090,4,3,NA
4091,4,4,4
4091,4,4,4
4091,4,4,4
4091,4,4,4
4091,4,4,4
4091,4,4,4
4091,4,4,4
4091,4,4,4
4091,4,3.5,4
4091,4,4,4
4091,4,3.75,4
4091,4,3.25,4
4091,4,3.25,4
4091,4,4,4
4091,4,1.75,4
4091,4,4,4
4091,4,4,4
4091,4,2,4
4091,4,1,4
4091,4,4,4
4091,4,4,4
4091,4,3.25,4
4091,4,2.5,4
4092,4,2.75,3
4092,4,3,3
4092,4,2,3
4092,4,2.5,3
4092,4,2,3
4092,4,2.25,3
4092,4,1.75,3
4092,4,3,3
4092,4,3,3
4092,4,2.25,3
4092,4,2.5,3
4092,4,3,3
4092,4,2,3
4092,4,2.25,3
4092,4,3,3
4092,4,3,3
4095,4,1.75,1
4095,4,3.25,1
4095,4,1.75,1
4095,4,1,1
4095,4,2.5,1
4095,4,2,1
4095,4,2,1
4095,4,2,1
4095,4,1,1
4095,4,1,1
4096,4,3.5,2
4096,4,3,2
4096,4,2,2
4096,4,2,2
4096,4,3,2
4096,4,2.25,2
4096,4,3,2
4096,4,2.75,2
4096,4,2,2
4096,4,3,2
4096,4,2,2
4096,4,2,2
4096,4,2,2
4096,4,2,2
4096,4,2,2
4096,4,2,2
5098,5,2.5,3.6666666666666665
5098,5,1,3.6666666666666665
5098,5,1.5,3.6666666666666665
5098,5,1,3.6666666666666665
5098,5,1,3.6666666666666665
5098,5,1.75,3.6666666666666665
5098,5,1,3.6666666666666665
5098,5,2,3.6666666666666665
5098,5,4,3.6666666666666665
5098,5,1,3.6666666666666665
5098,5,4,3.6666666666666665
5098,5,2.75,3.6666666666666665
5098,5,1.5,3.6666666666666665
5098,5,2.75,3.6666666666666665
5098,5,2.5,3.6666666666666665
5098,5,2.25,3.6666666666666665
5098,5,1.75,3.6666666666666665
5098,5,2.5,3.6666666666666665
5098,5,2,3.6666666666666665
5098,5,2.5,3.6666666666666665
5101,5,2.75,4
5101,5,4,4
5101,5,4,4
5101,5,4,4
5101,5,4,4
5101,5,2.5,4
5101,5,4,4
5101,5,3.75,4
5101,5,4,4
5101,5,4,4
5101,5,3.25,4
5101,5,3.75,4
5101,5,4,4
5101,5,4,4
5101,5,2.5,4
5101,5,3.25,4
5101,5,4,4
5101,5,4,4
5101,5,3.25,4
5102,5,2.25,3.6666666666666665
5102,5,1.75,3.6666666666666665
5102,5,1,3.6666666666666665
5102,5,1,3.6666666666666665
5102,5,1,3.6666666666666665
5102,5,1,3.6666666666666665
5102,5,1,3.6666666666666665
5102,5,1,3.6666666666666665
5104,5,1.5,4
5104,5,2.5,4
5104,5,2.25,4
5104,5,3.5,4
5104,5,1.75,4
5104,5,2.25,4
5104,5,1.75,4
5104,5,2.25,4
5104,5,2.25,4
5104,5,2.25,4
5104,5,4,4
5104,5,3,4
5104,5,3.75,4
5104,5,3,4
5024,5,2.5,NA
5024,5,2.5,NA
5024,5,3,NA
5024,5,2.75,NA
5024,5,3.25,NA
5024,5,2.5,NA
5106,5,3.25,4
5106,5,3,4
5106,5,3.25,4
5106,5,1.5,4
5106,5,3.75,4
5106,5,3.5,4
5106,5,2.25,4
5106,5,3,4
5106,5,3.75,4
5106,5,4,4
5106,5,1,4
5106,5,4,4
5106,5,1,4
5106,5,4,4
5107,5,3.25,2
5107,5,3,2
5107,5,4,2
5107,5,4,2
5107,5,4,2
5107,5,3,2
5107,5,3.75,2
5107,5,3.75,2
5107,5,3,2
5107,5,4,2
5107,5,3,2
5107,5,3,2
5107,5,3,2
5107,5,3,2
5107,5,3,2
5107,5,3,2
5107,5,3,2
5107,5,3,2
5107,5,3,2
5107,5,2.5,2
5107,5,3,2
5108,5,2.5,4
5108,5,2,4
5108,5,3,4
5108,5,3,4
5108,5,2.25,4
5108,5,4,4
5108,5,2.25,4
5108,5,1,4
5109,5,3,4
5109,5,3.5,4
5109,5,3.75,4
5109,5,4,4
5109,5,3.5,4
5109,5,2.5,4
5109,5,1.5,4
5109,5,2.25,4
5109,5,3.25,4
5109,5,2.25,4
5109,5,2,4
5110,5,3.75,4
5110,5,3.75,4
5110,5,3.75,4
5110,5,3.75,4
5110,5,3.75,4
5110,5,3.75,4
5110,5,3.5,4
5110,5,3.75,4
5110,5,3.75,4
5110,5,3.75,4
5110,5,3.25,4
5110,5,3.25,4
5110,5,3,4
5110,5,3.75,4
5110,5,3.75,4
5110,5,3.75,4
5110,5,3.5,4
5110,5,3.75,4
5111,5,2.5,3.6666666666666665
5111,5,3,3.6666666666666665
5111,5,4,3.6666666666666665
5111,5,4,3.6666666666666665
5111,5,2,3.6666666666666665
5111,5,2.5,3.6666666666666665
5111,5,1,3.6666666666666665
5111,5,4,3.6666666666666665
5111,5,3.5,3.6666666666666665
5111,5,3.5,3.6666666666666665
5111,5,3,3.6666666666666665
5111,5,1,3.6666666666666665
5111,5,4,3.6666666666666665
5111,5,4,3.6666666666666665
5111,5,4,3.6666666666666665
5111,5,1.75,3.6666666666666665
5111,5,1.5,3.6666666666666665
5111,5,2.75,3.6666666666666665
5111,5,1,3.6666666666666665
5111,5,2.25,3.6666666666666665
5112,5,4,4
5112,5,4,4
5112,5,2.5,4
5112,5,4,4
5112,5,4,4
5112,5,4,4
5112,5,4,4
5112,5,4,4
5112,5,1.25,4
5112,5,4,4
5112,5,4,4
5112,5,4,4
5112,5,3.75,4
5112,5,4,4
5112,5,4,4
5112,5,1,4
5112,5,4,4
5113,5,4,4
5113,5,4,4
5113,5,4,4
5113,5,4,4
5113,5,4,4
5113,5,4,4
5113,5,3.25,4
5113,5,2.5,4
5113,5,4,4
5113,5,4,4
5113,5,4,4
5113,5,4,4
5113,5,4,4
5113,5,4,4
5113,5,4,4
5113,5,4,4
5115,5,2.5,3.6666666666666665
5115,5,3.5,3.6666666666666665
5115,5,3.75,3.6666666666666665
5115,5,2,3.6666666666666665
5115,5,2.5,3.6666666666666665
5115,5,3.5,3.6666666666666665
5115,5,2,3.6666666666666665
5115,5,2.5,3.6666666666666665
5115,5,4,3.6666666666666665
5115,5,2.75,3.6666666666666665
5115,5,2.75,3.6666666666666665
5115,5,2,3.6666666666666665
5115,5,2.25,3.6666666666666665
5115,5,3,3.6666666666666665
5115,5,2.5,3.6666666666666665
5115,5,3.5,3.6666666666666665
5115,5,2,3.6666666666666665
5115,5,3,3.6666666666666665
5115,5,2.5,3.6666666666666665
5115,5,2.25,3.6666666666666665
5115,5,2.75,3.6666666666666665
5116,5,4,4
5116,5,4,4
5116,5,4,4
5116,5,4,4
5116,5,4,4
5116,5,4,4
5116,5,4,4
5116,5,4,4
5116,5,4,4
5116,5,4,4
5116,5,4,4
5118,5,1.5,4
5118,5,1.75,4
5118,5,1.75,4
5118,5,1.75,4
5118,5,2.5,4
5118,5,1,4
5118,5,1,4
5118,5,1,4
5118,5,2.5,4
5118,5,1,4
5118,5,2.5,4
5118,5,2.5,4
5118,5,2.5,4
5119,5,2,3.3333333333333335
5119,5,1,3.3333333333333335
5119,5,1,3.3333333333333335
5119,5,1,3.3333333333333335
5119,5,1,3.3333333333333335
5119,5,1,3.3333333333333335
5119,5,1,3.3333333333333335
5119,5,2.5,3.3333333333333335
5119,5,2.25,3.3333333333333335
5119,5,1.25,3.3333333333333335
5119,5,1,3.3333333333333335
5120,5,3,4
5120,5,1.75,4
5120,5,2,4
5120,5,2.5,4
5120,5,1,4
5120,5,3.25,4
5120,5,2.25,4
5120,5,1.75,4
5120,5,1.25,4
5120,5,2.25,4
5120,5,2,4
5120,5,2.75,4
5120,5,1.75,4
5120,5,1.25,4
5121,5,3.25,3.6666666666666665
5121,5,2.75,3.6666666666666665
5121,5,2.5,3.6666666666666665
5121,5,3,3.6666666666666665
5121,5,1,3.6666666666666665
5121,5,1.75,3.6666666666666665
5121,5,2.5,3.6666666666666665
5121,5,2.75,3.6666666666666665
5121,5,3.5,3.6666666666666665
5121,5,1,3.6666666666666665
5121,5,2,3.6666666666666665
5121,5,2.25,3.6666666666666665
5121,5,2.75,3.6666666666666665
5121,5,2.5,3.6666666666666665
5121,5,2.5,3.6666666666666665
5121,5,2.5,3.6666666666666665
5121,5,2.75,3.6666666666666665
5121,5,2.5,3.6666666666666665
5121,5,2.5,3.6666666666666665
5122,5,2.5,4
5122,5,2.5,4
5122,5,2.25,4
5122,5,2.75,4
5122,5,1.5,4
5122,5,2.5,4
5122,5,2.75,4
5122,5,2.5,4
5122,5,2.5,4
5122,5,3,4
5122,5,2.5,4
5122,5,2.75,4
5122,5,3,4
5122,5,2.75,4
5122,5,3,4
5122,5,2.75,4
5122,5,3,4
5123,5,3,3.6666666666666665
5123,5,2.75,3.6666666666666665
5123,5,3,3.6666666666666665
5123,5,2.5,3.6666666666666665
5123,5,2.75,3.6666666666666665
5123,5,3.75,3.6666666666666665
5123,5,3.25,3.6666666666666665
5123,5,2.5,3.6666666666666665
5124,5,1.5,3.6666666666666665
5124,5,4,3.6666666666666665
5124,5,2,3.6666666666666665
5124,5,1.75,3.6666666666666665
5124,5,1.75,3.6666666666666665
5124,5,1.25,3.6666666666666665
5124,5,1,3.6666666666666665
5125,5,2.5,3.6666666666666665
5125,5,2.5,3.6666666666666665
5125,5,2,3.6666666666666665
5125,5,2.25,3.6666666666666665
5126,5,3.25,4
5126,5,2.75,4
5126,5,2.5,4
5126,5,3,4
5126,5,3.25,4
5126,5,2.75,4
5126,5,3.5,4
5126,5,2.75,4
5126,5,2.75,4
5126,5,2.75,4
5126,5,2.25,4
5126,5,2.5,4
5126,5,2.75,4
5126,5,2.25,4
5126,5,2.5,4
5128,5,4,4
5128,5,4,4
5128,5,1,4
5128,5,1,4
5129,5,3,4
5129,5,3,4
5129,5,2.75,4
5129,5,3,4
5129,5,1,4
5129,5,1,4
5129,5,2.25,4
5129,5,1.25,4
5129,5,3,4
5129,5,2.25,4
5129,5,2.5,4
5129,5,2.5,4
5129,5,2.25,4
5129,5,2.5,4
6199,6,4,NA
6199,6,4,NA
6199,6,3.5,NA
6199,6,1,NA
6199,6,4,NA
6199,6,3.25,NA
6131,6,3,3
6131,6,3.25,3
6131,6,3.25,3
6131,6,3,3
6131,6,3,3
6131,6,3,3
6131,6,3,3
6131,6,3.25,3
6131,6,3,3
6131,6,3,3
6131,6,3,3
6131,6,3,3
6133,6,3,2
6133,6,3,2
6133,6,3.5,2
6133,6,3,2
6133,6,2.75,2
6133,6,3,2
6133,6,3,2
6133,6,3,2
6133,6,3,2
6133,6,3.75,2
6133,6,2,2
6133,6,2.75,2
6133,6,3.25,2
6133,6,3,2
6133,6,2.25,2
6133,6,3.25,2
6133,6,2.5,2
6133,6,2,2
6133,6,2.25,2
6133,6,2,2
6133,6,2,2
6134,6,4,4
6134,6,4,4
6134,6,4,4
6134,6,4,4
6134,6,1.75,4
6134,6,3.75,4
6134,6,2.5,4
6134,6,3.75,4
6134,6,4,4
6134,6,4,4
6134,6,4,4
6135,6,1.25,3.3333333333333335
6135,6,1.5,3.3333333333333335
6135,6,2.5,3.3333333333333335
6135,6,2,3.3333333333333335
6135,6,1,3.3333333333333335
6135,6,2.5,3.3333333333333335
6135,6,1.75,3.3333333333333335
6135,6,1.25,3.3333333333333335
6135,6,2,3.3333333333333335
6135,6,1.5,3.3333333333333335
6135,6,1,3.3333333333333335
6135,6,1,3.3333333333333335
6135,6,2.5,3.3333333333333335
6135,6,2,3.3333333333333335
6135,6,3,3.3333333333333335
6135,6,3,3.3333333333333335
6136,6,3.75,4
6136,6,3.25,4
6136,6,2.75,4
6136,6,3,4
6136,6,2.75,4
6136,6,3.25,4
6136,6,3,4
6136,6,2.75,4
6136,6,3,4
6136,6,2.75,4
6137,6,4,3.3333333333333335
6137,6,4,3.3333333333333335
6137,6,3.75,3.3333333333333335
6137,6,2.5,3.3333333333333335
6137,6,3.25,3.3333333333333335
6137,6,3.5,3.3333333333333335
6137,6,4,3.3333333333333335
6137,6,3,3.3333333333333335
6137,6,3,3.3333333333333335
6137,6,3,3.3333333333333335
6137,6,2.25,3.3333333333333335
6137,6,2.75,3.3333333333333335
6137,6,3.25,3.3333333333333335
6137,6,2.75,3.3333333333333335
6137,6,1.25,3.3333333333333335
6138,6,2.5,2.3333333333333335
6138,6,3.25,2.3333333333333335
6138,6,2.25,2.3333333333333335
6138,6,2.75,2.3333333333333335
6139,6,2.25,NA
6139,6,2.75,NA
6139,6,2.25,NA
6140,6,3.25,3.6666666666666665
6140,6,3,3.6666666666666665
6140,6,4,3.6666666666666665
6140,6,3.75,3.6666666666666665
6140,6,4,3.6666666666666665
6140,6,3.25,3.6666666666666665
6140,6,4,3.6666666666666665
6140,6,3.75,3.6666666666666665
6140,6,4,3.6666666666666665
6140,6,4,3.6666666666666665
6140,6,3.75,3.6666666666666665
6140,6,3.25,3.6666666666666665
6140,6,3.25,3.6666666666666665
6140,6,3,3.6666666666666665
6140,6,3.25,3.6666666666666665
6140,6,2.25,3.6666666666666665
6140,6,4,3.6666666666666665
6140,6,4,3.6666666666666665
6141,6,2.25,2.6666666666666665
6141,6,4,2.6666666666666665
6141,6,2.5,2.6666666666666665
6141,6,3.5,2.6666666666666665
6141,6,1,2.6666666666666665
6141,6,2.75,2.6666666666666665
6141,6,2,2.6666666666666665
6141,6,2.5,2.6666666666666665
6141,6,2,2.6666666666666665
6141,6,1.75,2.6666666666666665
6141,6,1.75,2.6666666666666665
6141,6,3,2.6666666666666665
6141,6,3.25,2.6666666666666665
6141,6,2.25,2.6666666666666665
6142,6,3.5,3.5
6142,6,3,3.5
6142,6,3.25,3.5
6143,6,3,1.6666666666666667
6143,6,1.25,1.6666666666666667
6143,6,3,1.6666666666666667
6143,6,3,1.6666666666666667
6143,6,3,1.6666666666666667
6143,6,3.75,1.6666666666666667
6143,6,3,1.6666666666666667
6143,6,3,1.6666666666666667
6143,6,3.25,1.6666666666666667
6143,6,3.75,1.6666666666666667
6143,6,3,1.6666666666666667
6143,6,2.75,1.6666666666666667
6143,6,3.75,1.6666666666666667
6143,6,3.25,1.6666666666666667
6144,6,3,4
6144,6,4,4
6144,6,3.25,4
6144,6,4,4
6144,6,4,4
6144,6,4,4
6144,6,4,4
6144,6,4,4
6144,6,4,4
6144,6,4,4
6144,6,4,4
6145,6,2.25,NA
6145,6,3,NA
6145,6,3,NA
6145,6,2.5,NA
6145,6,3,NA
6145,6,2.75,NA
6145,6,2,NA
6145,6,3,NA
6145,6,1.25,NA
6145,6,3.75,NA
6145,6,3,NA
6145,6,3.25,NA
6145,6,3.25,NA
6145,6,2.75,NA
6146,6,4,3.6666666666666665
6146,6,3.75,3.6666666666666665
6146,6,3.75,3.6666666666666665
6146,6,3.25,3.6666666666666665
6146,6,4,3.6666666666666665
6146,6,2.25,3.6666666666666665
6146,6,2.75,3.6666666666666665
6146,6,2.5,3.6666666666666665
6146,6,2.75,3.6666666666666665
6146,6,3.25,3.6666666666666665
6146,6,2.25,3.6666666666666665
6147,6,4,3.6666666666666665
6147,6,3.5,3.6666666666666665
6147,6,3.25,3.6666666666666665
6147,6,1.75,3.6666666666666665
6147,6,4,3.6666666666666665
6147,6,2.5,3.6666666666666665
6147,6,2,3.6666666666666665
6147,6,4,3.6666666666666665
6147,6,3.5,3.6666666666666665
6147,6,3.75,3.6666666666666665
6147,6,2.75,3.6666666666666665
6147,6,3.25,3.6666666666666665
6147,6,3.5,3.6666666666666665
6147,6,3.25,3.6666666666666665
6147,6,3.5,3.6666666666666665
6147,6,3,3.6666666666666665
6147,6,4,3.6666666666666665
6147,6,2.75,3.6666666666666665
6147,6,2.75,3.6666666666666665
6147,6,2.75,3.6666666666666665
6147,6,3.25,3.6666666666666665
6147,6,2.5,3.6666666666666665
6148,6,1.25,4
6148,6,1.25,4
6148,6,3.5,4
6148,6,1.75,4
6148,6,1,4
6148,6,2.5,4
6148,6,1.25,4
6148,6,1.5,4
6148,6,1,4
6148,6,1,4
6148,6,1.25,4
6148,6,1.75,4
6148,6,1,4
6148,6,3.25,4
6149,6,3.5,4
6149,6,3,4
6149,6,2.75,4
6149,6,3.5,4
6149,6,2.25,4
6149,6,2,4
6149,6,2.75,4
6149,6,2.5,4
6149,6,2.5,4
6149,6,3,4
6150,6,3.25,2
6150,6,2.5,2
6150,6,4,2
6150,6,3.5,2
6150,6,2,2
6150,6,2.5,2
6150,6,2.25,2
6150,6,2.5,2
6150,6,2.75,2
6150,6,2.75,2
6150,6,1.75,2
6150,6,2.25,2
6151,6,3,3.6666666666666665
6151,6,3.25,3.6666666666666665
6151,6,2.75,3.6666666666666665
6151,6,3.5,3.6666666666666665
6151,6,4,3.6666666666666665
6151,6,3.25,3.6666666666666665
6151,6,3.5,3.6666666666666665
6151,6,3.5,3.6666666666666665
6151,6,2.75,3.6666666666666665
6151,6,3.25,3.6666666666666665
6151,6,3.25,3.6666666666666665
6151,6,3.5,3.6666666666666665
6151,6,2.75,3.6666666666666665
6151,6,2.75,3.6666666666666665
6151,6,2.75,3.6666666666666665
6151,6,2.75,3.6666666666666665
6153,6,3.25,NA
6153,6,3.75,NA
6153,6,4,NA
6153,6,3,NA
6153,6,3.75,NA
6153,6,4,NA
6153,6,4,NA
6153,6,4,NA
6153,6,3.25,NA
6153,6,3.75,NA
6153,6,2.75,NA
6153,6,3.5,NA
6153,6,3.5,NA
6153,6,3.25,NA
6153,6,3,NA
6155,6,1,3
6155,6,4,3
6155,6,4,3
6155,6,3.25,3
6155,6,4,3
6155,6,3,3
6155,6,4,3
6155,6,3.25,3
6155,6,2,3
6155,6,4,3
6155,6,4,3
6155,6,2.5,3
6155,6,3.25,3
6155,6,4,3
6155,6,3.25,3
6155,6,4,3
6155,6,3.25,3
6155,6,4,3
6155,6,4,3
6156,6,3.5,2.6666666666666665
6156,6,2.5,2.6666666666666665
6156,6,4,2.6666666666666665
6156,6,3.5,2.6666666666666665
6156,6,2.5,2.6666666666666665
6156,6,4,2.6666666666666665
6156,6,3.5,2.6666666666666665
6156,6,4,2.6666666666666665
6156,6,1,2.6666666666666665
6156,6,4,2.6666666666666665
6156,6,3.25,2.6666666666666665
6156,6,2.5,2.6666666666666665
6130,6,2.25,NA
6130,6,3.5,NA
6130,6,4,NA
6130,6,3.75,NA
6130,6,3.25,NA
6130,6,4,NA
6130,6,3.25,NA
6130,6,3.25,NA
6130,6,2.5,NA
6130,6,2.75,NA
6130,6,4,NA
6130,6,3.75,NA
6158,6,4,3.6666666666666665
6158,6,4,3.6666666666666665
6158,6,1,3.6666666666666665
6158,6,3.25,3.6666666666666665
6158,6,1,3.6666666666666665
6158,6,4,3.6666666666666665
6158,6,4,3.6666666666666665
6158,6,4,3.6666666666666665
6158,6,4,3.6666666666666665
6158,6,3,3.6666666666666665
6158,6,1,3.6666666666666665
6158,6,3,3.6666666666666665
6158,6,3.25,3.6666666666666665
6158,6,3,3.6666666666666665
6158,6,3,3.6666666666666665
6158,6,3.75,3.6666666666666665
6158,6,3.75,3.6666666666666665
6159,6,3.75,3.6666666666666665
6159,6,3,3.6666666666666665
6159,6,3.5,3.6666666666666665
6159,6,2.75,3.6666666666666665
6159,6,4,3.6666666666666665
6159,6,1.25,3.6666666666666665
6159,6,3,3.6666666666666665
6159,6,2.25,3.6666666666666665
6159,6,1.5,3.6666666666666665
6159,6,2.75,3.6666666666666665
6159,6,2,3.6666666666666665
6159,6,1,3.6666666666666665
6159,6,1.5,3.6666666666666665
6159,6,3.25,3.6666666666666665
6159,6,1.5,3.6666666666666665
6159,6,3.5,3.6666666666666665
6159,6,2.25,3.6666666666666665
6159,6,2,3.6666666666666665
7160,7,1.25,2.6666666666666665
7160,7,2.25,2.6666666666666665
7160,7,2.25,2.6666666666666665
7160,7,2.25,2.6666666666666665
7160,7,2,2.6666666666666665
7160,7,2.25,2.6666666666666665
7160,7,2.25,2.6666666666666665
7160,7,1.75,2.6666666666666665
7160,7,1.5,2.6666666666666665
7160,7,2,2.6666666666666665
7160,7,2,2.6666666666666665
7160,7,2.75,2.6666666666666665
7160,7,3,2.6666666666666665
7160,7,3.25,2.6666666666666665
7160,7,4,2.6666666666666665
7160,7,2.25,2.6666666666666665
7160,7,4,2.6666666666666665
7160,7,2.75,2.6666666666666665
7160,7,3,2.6666666666666665
7160,7,4,2.6666666666666665
7160,7,2.5,2.6666666666666665
7160,7,2,2.6666666666666665
7160,7,2.75,2.6666666666666665
7161,7,3,2.6666666666666665
7161,7,2.25,2.6666666666666665
7161,7,3.5,2.6666666666666665
7161,7,1,2.6666666666666665
7161,7,3,2.6666666666666665
7161,7,3,2.6666666666666665
7161,7,3,2.6666666666666665
7161,7,2.75,2.6666666666666665
7161,7,4,2.6666666666666665
7161,7,2.5,2.6666666666666665
7161,7,3.25,2.6666666666666665
7161,7,3.25,2.6666666666666665
7161,7,2.5,2.6666666666666665
7161,7,3,2.6666666666666665
7161,7,2.5,2.6666666666666665
7161,7,3.25,2.6666666666666665
7161,7,3.5,2.6666666666666665
7162,7,2.25,NA
7162,7,1.75,NA
7162,7,2.5,NA
7162,7,3.5,NA
7162,7,3,NA
7162,7,2.75,NA
7162,7,2,NA
7162,7,2.75,NA
7162,7,3.5,NA
7163,7,2.5,2.5
7163,7,2.5,2.5
7163,7,2.25,2.5
7163,7,2.25,2.5
7163,7,2.25,2.5
7163,7,2.5,2.5
7163,7,1,2.5
7163,7,1,2.5
7166,7,3.5,3.3333333333333335
7166,7,3,3.3333333333333335
7166,7,2.75,3.3333333333333335
7166,7,3.25,3.3333333333333335
7167,7,3,3.6666666666666665
7167,7,2.25,3.6666666666666665
7167,7,2.5,3.6666666666666665
7167,7,3.25,3.6666666666666665
7167,7,2.25,3.6666666666666665
7167,7,2.75,3.6666666666666665
7167,7,2,3.6666666666666665
7167,7,2.5,3.6666666666666665
7167,7,2.5,3.6666666666666665
7167,7,2.75,3.6666666666666665
7167,7,3,3.6666666666666665
7167,7,2.75,3.6666666666666665
7167,7,3,3.6666666666666665
7167,7,4,3.6666666666666665
7168,7,2.25,4
7168,7,1,4
7168,7,3,4
7168,7,1.75,4
7168,7,1,4
7168,7,4,4
7168,7,4,4
7169,7,3,1
7169,7,4,1
7169,7,2.75,1
7169,7,1,1
7169,7,2.5,1
7169,7,3,1
7169,7,2.75,1
7169,7,1.5,1
7169,7,2.75,1
7169,7,2.75,1
7169,7,2.5,1
7169,7,2.5,1
7169,7,2.5,1
7169,7,3,1
7169,7,3,1
7169,7,2.25,1
7171,7,3.25,4
7171,7,3.75,4
7171,7,3.5,4
7171,7,3.25,4
7171,7,4,4
7171,7,4,4
7171,7,4,4
7171,7,4,4
7171,7,4,4
7171,7,4,4
7171,7,4,4
7173,7,3.75,4
7173,7,4,4
7173,7,3.75,4
7173,7,3.75,4
7173,7,4,4
7173,7,4,4
7173,7,4,4
7173,7,2.75,4
7173,7,4,4
7173,7,4,4
7173,7,4,4
7173,7,4,4
7174,7,3.5,3.6666666666666665
7174,7,3.25,3.6666666666666665
7174,7,3.25,3.6666666666666665
7174,7,2.25,3.6666666666666665
7174,7,3.75,3.6666666666666665
7174,7,4,3.6666666666666665
7174,7,4,3.6666666666666665
7174,7,3.25,3.6666666666666665
7174,7,3.75,3.6666666666666665
7174,7,3.5,3.6666666666666665
7174,7,4,3.6666666666666665
7174,7,4,3.6666666666666665
7174,7,4,3.6666666666666665
7174,7,4,3.6666666666666665
7174,7,4,3.6666666666666665
7174,7,2.75,3.6666666666666665
7174,7,3,3.6666666666666665
7174,7,2.5,3.6666666666666665
7174,7,2.25,3.6666666666666665
7174,7,3,3.6666666666666665
7174,7,1.5,3.6666666666666665
7174,7,2.5,3.6666666666666665
7174,7,1.75,3.6666666666666665
7174,7,2.75,3.6666666666666665
7175,7,4,NA
7175,7,3.5,NA
7175,7,4,NA
7175,7,4,NA
7175,7,4,NA
7175,7,4,NA
7175,7,4,NA
7175,7,4,NA
7175,7,4,NA
7179,7,2,2.5
7179,7,2,2.5
7179,7,2,2.5
7179,7,2,2.5
7179,7,3,2.5
7179,7,2.5,2.5
7179,7,2.75,2.5
7179,7,2.75,2.5
7179,7,2.25,2.5
7179,7,2.75,2.5
7179,7,2,2.5
7179,7,2.75,2.5
7179,7,2.5,2.5
7179,7,2.75,2.5
7179,7,2.75,2.5
7180,7,2,1.6666666666666667
7181,7,3.5,NA
7181,7,4,NA
7181,7,1,NA
7181,7,3.75,NA
7181,7,3.25,NA
7181,7,3.5,NA
7182,7,1.6666666666666667,3
7182,7,3.3333333333333335,3
7182,7,3.6666666666666665,3
7182,7,3,3
7182,7,3.5,3
7182,7,2.5,3
7182,7,3,3
7182,7,3,3
7182,7,3.25,3
7183,7,1,4
7183,7,1,4
7183,7,3.75,4
7183,7,1,4
7183,7,3.5,4
7183,7,3.75,4
7183,7,3.75,4
7183,7,3.25,4
7183,7,3.75,4
7183,7,3.75,4
7183,7,4,4
7183,7,3.75,4
7183,7,3.5,4
7183,7,3.5,4
7183,7,2.5,4
7183,7,4,4
7163,7,3.25,2.5
7163,7,3.5,2.5
7163,7,2.75,2.5
7163,7,3.25,2.5
7163,7,3.25,2.5
7163,7,3.75,2.5
7163,7,3.25,2.5
7163,7,3.25,2.5
8188,8,3.5,3.6666666666666665
8188,8,4,3.6666666666666665
8188,8,3.75,3.6666666666666665
8188,8,4,3.6666666666666665
8188,8,4,3.6666666666666665
8188,8,4,3.6666666666666665
8188,8,4,3.6666666666666665
8188,8,4,3.6666666666666665
8188,8,3.25,3.6666666666666665
8188,8,4,3.6666666666666665
8188,8,3.25,3.6666666666666665
8188,8,4,3.6666666666666665
8188,8,4,3.6666666666666665
8188,8,4,3.6666666666666665
8188,8,4,3.6666666666666665
8188,8,4,3.6666666666666665
8188,8,4,3.6666666666666665
8188,8,3.25,3.6666666666666665
8188,8,4,3.6666666666666665
8188,8,1,3.6666666666666665
8188,8,3.75,3.6666666666666665
8189,8,4,3
8189,8,4,3
8189,8,3.5,3
8189,8,4,3
8189,8,4,3
8189,8,4,3
8189,8,4,3
8189,8,4,3
8189,8,4,3
8189,8,4,3
8189,8,1,3
8189,8,4,3
8189,8,4,3
8189,8,4,3
8189,8,1,3
8189,8,1,3
8189,8,1,3
8189,8,1.25,3
8189,8,1,3
8190,8,3.25,3.3333333333333335
8190,8,3.25,3.3333333333333335
8190,8,3.25,3.3333333333333335
8190,8,4,3.3333333333333335
8190,8,2.75,3.3333333333333335
8190,8,2.5,3.3333333333333335
8190,8,2.25,3.3333333333333335
8190,8,2.5,3.3333333333333335
8190,8,2.5,3.3333333333333335
8190,8,3,3.3333333333333335
8190,8,2.25,3.3333333333333335
8190,8,2.75,3.3333333333333335
8190,8,2.75,3.3333333333333335
8190,8,2.5,3.3333333333333335
8190,8,2.5,3.3333333333333335
8190,8,2,3.3333333333333335
8190,8,2.25,3.3333333333333335
8190,8,2.5,3.3333333333333335
8190,8,2.5,3.3333333333333335
8190,8,3,3.3333333333333335
8190,8,3,3.3333333333333335
8190,8,2.5,3.3333333333333335
8190,8,2.75,3.3333333333333335
8192,8,4,1.5
8192,8,3.5,1.5
8192,8,3.5,1.5
8192,8,4,1.5
8192,8,2.5,1.5
8192,8,1.75,1.5
8192,8,3,1.5
8192,8,2.5,1.5
8194,8,2.75,4
8194,8,3.75,4
8194,8,2.75,4
8194,8,3.75,4
8194,8,3.25,4
8194,8,3.75,4
8194,8,3,4
8194,8,3,4
8194,8,2.75,4
8194,8,3,4
8195,8,1,3.3333333333333335
8195,8,4,3.3333333333333335
8195,8,3,3.3333333333333335
8195,8,2.5,3.3333333333333335
8195,8,3,3.3333333333333335
8197,8,4,3
8197,8,3.5,3
8197,8,3.5,3
8197,8,3.25,3
8197,8,3.5,3
8197,8,3.5,3
8197,8,3.5,3
8197,8,3.5,3
8197,8,4,3
8197,8,3.5,3
8197,8,3.5,3
8197,8,3.5,3
8197,8,4,3
8197,8,3.5,3
8197,8,3.5,3
8197,8,3.5,3
8197,8,4,3
8197,8,3.5,3
8197,8,3.5,3
8198,8,4,2.6666666666666665
8198,8,3.75,2.6666666666666665
8198,8,3.75,2.6666666666666665
8198,8,3.25,2.6666666666666665
8198,8,3.5,2.6666666666666665
8198,8,3.25,2.6666666666666665
8198,8,3.25,2.6666666666666665
8198,8,3,2.6666666666666665
8198,8,3,2.6666666666666665
8198,8,3.25,2.6666666666666665
8198,8,3.25,2.6666666666666665
8198,8,2.75,2.6666666666666665
8199,8,3.75,3.6666666666666665
8199,8,2.5,3.6666666666666665
8199,8,4,3.6666666666666665
8199,8,4,3.6666666666666665
8199,8,3.25,3.6666666666666665
8199,8,3.5,3.6666666666666665
8199,8,3.5,3.6666666666666665
8199,8,2,3.6666666666666665
8199,8,3.75,3.6666666666666665
8199,8,3.75,3.6666666666666665
8199,8,3.5,3.6666666666666665
8199,8,3.25,3.6666666666666665
8199,8,3.5,3.6666666666666665
8199,8,3,3.6666666666666665
8199,8,3,3.6666666666666665
8199,8,2.25,3.6666666666666665
8199,8,2,3.6666666666666665
8199,8,3.5,3.6666666666666665
8199,8,1.75,3.6666666666666665
8199,8,3.5,3.6666666666666665
8199,8,2.5,3.6666666666666665
8199,8,2.5,3.6666666666666665
8199,8,1.75,3.6666666666666665
8199,8,2.5,3.6666666666666665
8204,8,3.5,3
8204,8,3.5,3
8204,8,2,3
8204,8,3.25,3
8204,8,3.25,3
8204,8,3,3
8204,8,2,3
8204,8,3,3
8204,8,2,3
8204,8,3,3
8204,8,3,3
8204,8,2.5,3
8204,8,3,3
8204,8,3,3
8204,8,3,3
8204,8,3,3
8204,8,3,3
8204,8,3,3
8204,8,3,3
8204,8,3,3
8204,8,3,3
8204,8,3,3
8205,8,3.75,3.6666666666666665
8205,8,1.25,3.6666666666666665
8205,8,2.5,3.6666666666666665
8205,8,1.5,3.6666666666666665
8205,8,3.5,3.6666666666666665
8205,8,2,3.6666666666666665
8205,8,3.75,3.6666666666666665
8205,8,1.75,3.6666666666666665
8205,8,3.25,3.6666666666666665
8205,8,3.25,3.6666666666666665
8205,8,3.25,3.6666666666666665
8205,8,2.5,3.6666666666666665
8205,8,2,3.6666666666666665
8205,8,3,3.6666666666666665
8205,8,3,3.6666666666666665
8205,8,3,3.6666666666666665
8205,8,2.25,3.6666666666666665
8205,8,2.25,3.6666666666666665
8205,8,2.5,3.6666666666666665
8205,8,4,3.6666666666666665
8206,8,2.5,3
8206,8,2.5,3
8206,8,2.75,3
8206,8,3.25,3
8206,8,3,3
8206,8,3.5,3
8206,8,3,3
8206,8,2,3
8206,8,2.5,3
8206,8,2.5,3
8206,8,2,3
8206,8,2.25,3
8207,8,2.75,2.3333333333333335
8207,8,2.25,2.3333333333333335
8207,8,2.25,2.3333333333333335
8207,8,1,2.3333333333333335
8207,8,1,2.3333333333333335
8207,8,1,2.3333333333333335
8207,8,1,2.3333333333333335
8207,8,1,2.3333333333333335
8207,8,1,2.3333333333333335
8207,8,1,2.3333333333333335
8207,8,1,2.3333333333333335
8207,8,1,2.3333333333333335
8207,8,1,2.3333333333333335
8207,8,1,2.3333333333333335
8207,8,1,2.3333333333333335
8208,8,3,3.3333333333333335
8208,8,3,3.3333333333333335
8208,8,2.75,3.3333333333333335
8208,8,3,3.3333333333333335
8208,8,3.5,3.3333333333333335
8208,8,2,3.3333333333333335
8208,8,3,3.3333333333333335
8208,8,3.25,3.3333333333333335
8208,8,3.5,3.3333333333333335
8208,8,2.75,3.3333333333333335
8208,8,2.75,3.3333333333333335
8208,8,2.25,3.3333333333333335
8208,8,3,3.3333333333333335
8208,8,3,3.3333333333333335
8208,8,3,3.3333333333333335
8208,8,2.5,3.3333333333333335
8208,8,2.75,3.3333333333333335
8208,8,2.75,3.3333333333333335
8208,8,3,3.3333333333333335
8208,8,2.75,3.3333333333333335
8208,8,2.75,3.3333333333333335
8208,8,2.25,3.3333333333333335
8208,8,2.5,3.3333333333333335
8209,8,4,2.3333333333333335
8209,8,3.75,2.3333333333333335
8209,8,4,2.3333333333333335
8209,8,3.75,2.3333333333333335
8209,8,2.75,2.3333333333333335
8209,8,4,2.3333333333333335
8209,8,3,2.3333333333333335
8209,8,4,2.3333333333333335
8209,8,3.25,2.3333333333333335
8209,8,3.25,2.3333333333333335
8209,8,4,2.3333333333333335
8209,8,4,2.3333333333333335
8209,8,4,2.3333333333333335
8209,8,4,2.3333333333333335
8209,8,4,2.3333333333333335
8209,8,3.75,2.3333333333333335
8209,8,4,2.3333333333333335
8209,8,4,2.3333333333333335
8209,8,4,2.3333333333333335
8210,8,3.25,4
8210,8,3.25,4
8210,8,4,4
8210,8,4,4
8210,8,4,4
8210,8,4,4
8210,8,4,4
8210,8,3.5,4
8210,8,3,4
8210,8,4,4
8210,8,3.5,4
8210,8,3.25,4
8210,8,4,4
8210,8,3.75,4
8210,8,4,4
8210,8,3.5,4
8210,8,3.75,4
8210,8,3.25,4
8210,8,3.25,4
8210,8,4,4
8210,8,3,4
8210,8,3.75,4
8210,8,3,4
8210,8,3,4
8211,8,2.75,4
8211,8,3.75,4
8211,8,2.75,4
8211,8,2.75,4
8211,8,3,4
8211,8,3,4
8211,8,3.5,4
8211,8,3.25,4
8211,8,3.75,4
8211,8,3,4
8211,8,3.25,4
8211,8,3,4
8211,8,2,4
8211,8,2,4
8211,8,2.5,4
8211,8,2.5,4
8211,8,1.25,4
8212,8,3.25,3
8212,8,3.5,3
8212,8,3.75,3
8212,8,4,3
8212,8,4,3
8212,8,3.5,3
8212,8,1,3
8213,8,4,4
8213,8,1.75,4
8213,8,1,4
8213,8,1.5,4
8213,8,1,4
8213,8,1,4
8213,8,1,4
8213,8,1,4
8213,8,1,4
8213,8,1.25,4
8213,8,3,4
8213,8,1,4
8213,8,1.5,4
8213,8,1.75,4
8213,8,1,4
8213,8,1.75,4
8214,8,3.5,2.3333333333333335
8214,8,3,2.3333333333333335
8214,8,1,2.3333333333333335
8214,8,3.75,2.3333333333333335
8214,8,1.75,2.3333333333333335
8214,8,3.5,2.3333333333333335
8214,8,3.25,2.3333333333333335
8214,8,3.25,2.3333333333333335
8214,8,2.5,2.3333333333333335
8214,8,3.75,2.3333333333333335
8214,8,2.75,2.3333333333333335
8214,8,2.25,2.3333333333333335
8214,8,2.25,2.3333333333333335
8214,8,2.5,2.3333333333333335
8214,8,3,2.3333333333333335
8214,8,1.75,2.3333333333333335
8214,8,2.75,2.3333333333333335
8214,8,2.5,2.3333333333333335
8214,8,2.75,2.3333333333333335
8215,8,4,4
8215,8,4,4
8215,8,4,4
8215,8,4,4
8215,8,4,4
8215,8,4,4
8215,8,4,4
8215,8,4,4
8215,8,4,4
8215,8,4,4
8215,8,3.75,4
8215,8,4,4
8215,8,4,4
8215,8,4,4
8215,8,4,4
8215,8,4,4
8215,8,4,4
8215,8,4,4
8215,8,4,4
8216,8,1.75,2.6666666666666665
8216,8,1.25,2.6666666666666665
8216,8,2.5,2.6666666666666665
8216,8,4,2.6666666666666665
8216,8,1,2.6666666666666665
8216,8,1,2.6666666666666665
8216,8,4,2.6666666666666665
8216,8,3,2.6666666666666665
8216,8,1.5,2.6666666666666665
8216,8,2.25,2.6666666666666665
8216,8,1.75,2.6666666666666665
8216,8,1.5,2.6666666666666665
8216,8,2,2.6666666666666665
8216,8,1.5,2.6666666666666665
8216,8,1.75,2.6666666666666665
8216,8,1,2.6666666666666665
8216,8,1.75,2.6666666666666665
9217,9,4,3.3333333333333335
9217,9,3.75,3.3333333333333335
9217,9,3.75,3.3333333333333335
9217,9,3.75,3.3333333333333335
9217,9,3.25,3.3333333333333335
9217,9,4,3.3333333333333335
9217,9,2,3.3333333333333335
9217,9,3.75,3.3333333333333335
9217,9,3,3.3333333333333335
9217,9,2.75,3.3333333333333335
9217,9,2.75,3.3333333333333335
9217,9,2.75,3.3333333333333335
9217,9,2.75,3.3333333333333335
9217,9,2.75,3.3333333333333335
9217,9,3,3.3333333333333335
9217,9,2.75,3.3333333333333335
9217,9,3,3.3333333333333335
9217,9,2.75,3.3333333333333335
9217,9,3,3.3333333333333335
9217,9,3,3.3333333333333335
9217,9,3,3.3333333333333335
9217,9,3,3.3333333333333335
9217,9,3.5,3.3333333333333335
9217,9,3,3.3333333333333335
9218,9,3.75,2
9218,9,3.75,2
9218,9,4,2
9218,9,4,2
9218,9,2.75,2
9218,9,2.75,2
9218,9,4,2
9218,9,4,2
9218,9,3.5,2
9218,9,3.75,2
9218,9,2.75,2
9218,9,2.5,2
9218,9,2,2
9218,9,3.75,2
9218,9,4,2
9218,9,4,2
9218,9,4,2
9218,9,4,2
9218,9,4,2
9218,9,4,2
9218,9,4,2
9218,9,4,2
9218,9,3.25,2
9218,9,2.5,2
9219,9,4,4
9219,9,4,4
9219,9,4,4
9219,9,4,4
9219,9,4,4
9219,9,4,4
9219,9,4,4
9219,9,4,4
9219,9,4,4
9219,9,4,4
9219,9,4,4
9219,9,4,4
9219,9,4,4
9219,9,4,4
9219,9,4,4
9219,9,4,4
9219,9,4,4
9219,9,4,4
9219,9,4,4
9219,9,4,4
9219,9,4,4
9219,9,4,4
9219,9,4,4
9219,9,4,4
9220,9,3.25,NA
9220,9,3.75,NA
9220,9,4,NA
9220,9,4,NA
9220,9,4,NA
9220,9,2.5,NA
9220,9,3,NA
9220,9,1,NA
9220,9,3.5,NA
9220,9,3.5,NA
9220,9,4,NA
9220,9,4,NA
9220,9,3,NA
9220,9,1.5,NA
9220,9,2.75,NA
9220,9,1.25,NA
9220,9,3,NA
9221,9,2.5,2.3333333333333335
9221,9,3.25,2.3333333333333335
9221,9,2.75,2.3333333333333335
9221,9,3.5,2.3333333333333335
9221,9,2.25,2.3333333333333335
9221,9,3,2.3333333333333335
9221,9,2.75,2.3333333333333335
9221,9,3.25,2.3333333333333335
9221,9,2.5,2.3333333333333335
9221,9,2.25,2.3333333333333335
9221,9,2.75,2.3333333333333335
9221,9,3,2.3333333333333335
9221,9,1.75,2.3333333333333335
9221,9,3,2.3333333333333335
9221,9,2.75,2.3333333333333335
9221,9,2,2.3333333333333335
9221,9,2.75,2.3333333333333335
9221,9,3,2.3333333333333335
9221,9,2.75,2.3333333333333335
9221,9,1.75,2.3333333333333335
9239,9,2.75,2.6666666666666665
9239,9,3,2.6666666666666665
9239,9,3,2.6666666666666665
9239,9,3,2.6666666666666665
9239,9,3.5,2.6666666666666665
9239,9,3,2.6666666666666665
9239,9,2.75,2.6666666666666665
9239,9,3,2.6666666666666665
9239,9,2.75,2.6666666666666665
9239,9,4,2.6666666666666665
9239,9,3,2.6666666666666665
9239,9,3,2.6666666666666665
9239,9,3,2.6666666666666665
9239,9,4,2.6666666666666665
9239,9,3.25,2.6666666666666665
9239,9,3,2.6666666666666665
9224,9,3.5,1
9224,9,2.25,1
9224,9,1.5,1
9224,9,2.25,1
9224,9,2.75,1
9224,9,2.25,1
9224,9,2,1
9224,9,2.5,1
9224,9,2.5,1
9224,9,2.25,1
9224,9,2.75,1
9224,9,2.5,1
9224,9,2.5,1
9224,9,3,1
9224,9,2.75,1
9224,9,2.25,1
9224,9,2.75,1
9224,9,2.25,1
9224,9,3,1
9224,9,2.25,1
9224,9,2.75,1
9224,9,2.25,1
9224,9,2.25,1
9224,9,2.75,1
9225,9,3,3
9225,9,2.75,3
9225,9,3,3
9225,9,2.75,3
9225,9,2,3
9225,9,3,3
9225,9,1.25,3
9225,9,3.25,3
9225,9,2.75,3
9225,9,2.5,3
9225,9,2.5,3
9228,9,1.25,2
9228,9,1.25,2
9228,9,1.75,2
9228,9,1.75,2
9228,9,1.25,2
9228,9,1.75,2
9228,9,1.75,2
9228,9,1.5,2
9228,9,1,2
9228,9,1.5,2
9228,9,1.5,2
9228,9,2,2
9229,9,1,3.3333333333333335
9229,9,1.5,3.3333333333333335
9229,9,1.5,3.3333333333333335
9229,9,3,3.3333333333333335
9229,9,3,3.3333333333333335
9229,9,3,3.3333333333333335
9229,9,4,3.3333333333333335
9229,9,4,3.3333333333333335
9229,9,4,3.3333333333333335
9229,9,2.75,3.3333333333333335
9229,9,1.5,3.3333333333333335
9229,9,3,3.3333333333333335
9229,9,1,3.3333333333333335
9229,9,1.5,3.3333333333333335
9229,9,3.5,3.3333333333333335
9229,9,1,3.3333333333333335
9229,9,3,3.3333333333333335
9229,9,1,3.3333333333333335
9229,9,1,3.3333333333333335
9229,9,3,3.3333333333333335
9229,9,1,3.3333333333333335
9229,9,2,3.3333333333333335
9229,9,1,3.3333333333333335
9231,9,2.5,3
9231,9,3.5,3
9231,9,4,3
9231,9,3,3
9231,9,3.5,3
9231,9,2.25,3
9231,9,3.5,3
9231,9,3.25,3
9231,9,3.25,3
9231,9,3.75,3
9231,9,3,3
9231,9,3.75,3
9231,9,2.5,3
9231,9,3.75,3
9231,9,3.5,3
9231,9,2.75,3
9231,9,2.75,3
9231,9,3.75,3
9231,9,4,3
9231,9,3,3
9231,9,3.25,3
9231,9,2.5,3
9231,9,2.25,3
9231,9,2.75,3
9235,9,3.75,3
9235,9,3.5,3
9235,9,3,3
9235,9,3.75,3
9235,9,3.5,3
9235,9,3.25,3
9235,9,3.25,3
9235,9,3.5,3
9235,9,1,3
9235,9,1,3
9235,9,3,3
9235,9,3,3
9235,9,3.5,3
9235,9,3.75,3
9235,9,4,3
9235,9,3.75,3
9235,9,3.5,3
9235,9,4,3
9235,9,3.5,3
9235,9,3.75,3
9235,9,3.75,3
9235,9,3.5,3
9235,9,3.75,3
9235,9,3.75,3
9237,9,1,2
9237,9,3.75,2
9237,9,4,2
9237,9,4,2
9237,9,1,2
9237,9,2,2
9237,9,2.25,2
9237,9,4,2
9237,9,1,2
9237,9,1.5,2
9237,9,3.25,2
9237,9,3.25,2
9237,9,2.5,2
9237,9,2.25,2
9237,9,3.75,2
9237,9,2,2
9237,9,3.25,2
9237,9,3.5,2
9237,9,3.75,2
9237,9,4,2
9241,9,3.25,2
9241,9,3.75,2
9241,9,4,2
9241,9,4,2
9241,9,3,2
9241,9,3,2
9241,9,2.75,2
9241,9,3,2
9241,9,2.5,2
9241,9,2.75,2
9241,9,3.25,2
9241,9,2.75,2
9241,9,2.5,2
9241,9,3,2
9241,9,2.75,2
9241,9,2.75,2
9241,9,2.75,2
9241,9,3.75,2
9241,9,3,2
9241,9,3,2
9241,9,3,2
9241,9,4,2
9241,9,2.5,2
9241,9,3,2
9240,9,3.75,4
9240,9,4,4
9240,9,2.75,4
9240,9,3.25,4
9240,9,3.25,4
9240,9,4,4
9240,9,4,4
9240,9,3.5,4
9240,9,1,4
9240,9,1.25,4
9240,9,1.75,4
9240,9,3,4
9240,9,4,4
9240,9,4,4
9240,9,3.25,4
9240,9,3.75,4
9240,9,4,4
9240,9,2.5,4
9240,9,1,4
9240,9,3.25,4
9240,9,3.75,4
9240,9,3.5,4
9240,9,2.25,4
9240,9,2.75,4
9242,9,3.5,4
9242,9,3.5,4
9242,9,4,4
9242,9,3.25,4
9242,9,3.25,4
9242,9,4,4
9242,9,4,4
9242,9,4,4
9242,9,4,4
9242,9,3.25,4
9242,9,3.25,4
9242,9,3.25,4
9242,9,3.25,4
9242,9,4,4
9242,9,4,4
9242,9,4,4
9242,9,4,4
9242,9,4,4
9242,9,3.25,4
9242,9,3.25,4
9242,9,4,4
9242,9,3.25,4
9242,9,4,4
9242,9,3.25,4
9244,9,2,3
9244,9,2.5,3
9244,9,3,3
9244,9,3.25,3
9244,9,2,3
9244,9,2,3
9244,9,1.25,3
9244,9,3,3
9244,9,1.75,3
9244,9,2,3
9244,9,2.25,3
9244,9,2,3
9244,9,2.25,3
9244,9,2,3
9244,9,2,3
9244,9,2.25,3
9244,9,2.25,3
9244,9,2.5,3
9244,9,2,3
9244,9,2.25,3
9245,9,4,2.6666666666666665
9245,9,3.25,2.6666666666666665
9245,9,3,2.6666666666666665
9245,9,2.5,2.6666666666666665
9245,9,3.75,2.6666666666666665
9245,9,3.5,2.6666666666666665
9245,9,3.5,2.6666666666666665
9245,9,2.5,2.6666666666666665
9245,9,3,2.6666666666666665
9245,9,3.5,2.6666666666666665
9245,9,3.75,2.6666666666666665
9245,9,3.5,2.6666666666666665
9245,9,3.5,2.6666666666666665
9245,9,4,2.6666666666666665
9246,9,3.5,3.6666666666666665
9246,9,2.5,3.6666666666666665
9246,9,2.75,3.6666666666666665
9246,9,2.5,3.6666666666666665
9246,9,2.25,3.6666666666666665
9246,9,2.75,3.6666666666666665
9246,9,2.25,3.6666666666666665
9246,9,2.25,3.6666666666666665
9246,9,3.5,3.6666666666666665
9246,9,3.75,3.6666666666666665
9246,9,2.5,3.6666666666666665
9246,9,2.75,3.6666666666666665
9246,9,2.75,3.6666666666666665
9246,9,1.75,3.6666666666666665
9246,9,2.75,3.6666666666666665
9246,9,2.75,3.6666666666666665
9246,9,2.5,3.6666666666666665
10248,10,2.5,2.6666666666666665
10248,10,3.75,2.6666666666666665
10248,10,3.75,2.6666666666666665
10248,10,3.25,2.6666666666666665
10248,10,3.75,2.6666666666666665
10248,10,4,2.6666666666666665
10248,10,4,2.6666666666666665
10248,10,1.75,2.6666666666666665
10248,10,1.75,2.6666666666666665
10248,10,3,2.6666666666666665
10248,10,2.25,2.6666666666666665
10248,10,1.5,2.6666666666666665
10248,10,3.75,2.6666666666666665
10248,10,3.25,2.6666666666666665
10248,10,3.75,2.6666666666666665
10248,10,2.25,2.6666666666666665
10248,10,1.75,2.6666666666666665
10248,10,1.75,2.6666666666666665
10248,10,2.5,2.6666666666666665
10248,10,2.5,2.6666666666666665
10248,10,3.25,2.6666666666666665
10249,10,1,3.6666666666666665
10249,10,3,3.6666666666666665
10249,10,3.25,3.6666666666666665
10299,10,2.5,NA
10299,10,3.5,NA
10299,10,3,NA
10299,10,3,NA
10299,10,3,NA
10299,10,1,NA
10299,10,3.5,NA
10299,10,3,NA
10299,10,3,NA
10299,10,3.25,NA
10299,10,3.5,NA
10299,10,2.5,NA
10299,10,2.5,NA
10299,10,4,NA
10299,10,3.5,NA
10299,10,3,NA
10299,10,2.5,NA
10299,10,2.5,NA
10299,10,1.75,NA
10299,10,2.75,NA
10251,10,1.75,4
10251,10,3,4
10251,10,3,4
10251,10,3,4
10251,10,3,4
10251,10,3,4
10251,10,3,4
10251,10,3,4
10251,10,3,4
10251,10,3,4
10251,10,3,4
10251,10,3,4
10251,10,3,4
10251,10,3,4
10251,10,3,4
10251,10,3,4
10251,10,3,4
10252,10,2.5,3.6666666666666665
10252,10,4,3.6666666666666665
10252,10,4,3.6666666666666665
10252,10,4,3.6666666666666665
10252,10,4,3.6666666666666665
10252,10,4,3.6666666666666665
10252,10,4,3.6666666666666665
10252,10,4,3.6666666666666665
10252,10,3.25,3.6666666666666665
10252,10,4,3.6666666666666665
10252,10,4,3.6666666666666665
10252,10,4,3.6666666666666665
10252,10,3.75,3.6666666666666665
10252,10,4,3.6666666666666665
10252,10,3.75,3.6666666666666665
10252,10,4,3.6666666666666665
10252,10,3.25,3.6666666666666665
10252,10,3.75,3.6666666666666665
10252,10,3.75,3.6666666666666665
10252,10,2.5,3.6666666666666665
10252,10,3.75,3.6666666666666665
10252,10,3.5,3.6666666666666665
10252,10,3.5,3.6666666666666665
10253,10,1,2.3333333333333335
10253,10,4,2.3333333333333335
10253,10,4,2.3333333333333335
10253,10,4,2.3333333333333335
10253,10,4,2.3333333333333335
10253,10,4,2.3333333333333335
10253,10,4,2.3333333333333335
10253,10,4,2.3333333333333335
10253,10,4,2.3333333333333335
10253,10,4,2.3333333333333335
10253,10,4,2.3333333333333335
10253,10,4,2.3333333333333335
10253,10,4,2.3333333333333335
10253,10,4,2.3333333333333335
10253,10,4,2.3333333333333335
10253,10,4,2.3333333333333335
10253,10,4,2.3333333333333335
10255,10,3,1
10255,10,1.75,1
10255,10,3,1
10255,10,3.5,1
10255,10,2.5,1
10255,10,2.5,1
10255,10,2.5,1
10257,10,1.25,3.3333333333333335
10257,10,3,3.3333333333333335
10257,10,2.5,3.3333333333333335
10257,10,3,3.3333333333333335
10257,10,2.5,3.3333333333333335
10257,10,2.25,3.3333333333333335
10257,10,2.25,3.3333333333333335
10257,10,2.5,3.3333333333333335
10257,10,1.75,3.3333333333333335
10257,10,2.75,3.3333333333333335
10257,10,2.75,3.3333333333333335
10258,10,2.75,1
10258,10,2.75,1
10258,10,2.5,1
10258,10,2.75,1
10258,10,2.75,1
10258,10,3,1
10258,10,3,1
10258,10,2,1
10259,10,3.75,2
10259,10,3.5,2
10259,10,3.75,2
10259,10,3.5,2
10259,10,4,2
10259,10,3.75,2
10259,10,3.5,2
10259,10,4,2
10259,10,3.5,2
10259,10,4,2
10259,10,4,2
10260,10,4,3
10260,10,4,3
10260,10,4,3
10260,10,4,3
10260,10,4,3
10260,10,4,3
10260,10,4,3
10260,10,4,3
10260,10,4,3
10260,10,4,3
10260,10,4,3
10260,10,4,3
10260,10,4,3
10261,10,2.75,2.3333333333333335
10261,10,3.75,2.3333333333333335
10261,10,3.75,2.3333333333333335
10261,10,3.75,2.3333333333333335
10261,10,2.5,2.3333333333333335
10262,10,3.75,2.6666666666666665
10262,10,3,2.6666666666666665
10262,10,3,2.6666666666666665
10262,10,2.5,2.6666666666666665
10262,10,2.5,2.6666666666666665
10262,10,3.75,2.6666666666666665
10262,10,3,2.6666666666666665
10262,10,2.75,2.6666666666666665
10262,10,2.5,2.6666666666666665
10262,10,2.5,2.6666666666666665
10262,10,2.5,2.6666666666666665
10262,10,2.75,2.6666666666666665
10262,10,2.75,2.6666666666666665
10262,10,2.5,2.6666666666666665
10262,10,2.75,2.6666666666666665
10262,10,2.5,2.6666666666666665
10262,10,2.25,2.6666666666666665
10262,10,2.75,2.6666666666666665
10263,10,1.75,2.3333333333333335
10263,10,1.75,2.3333333333333335
10263,10,2.25,2.3333333333333335
10263,10,3.25,2.3333333333333335
10263,10,2.75,2.3333333333333335
10263,10,2.75,2.3333333333333335
10263,10,2.25,2.3333333333333335
10263,10,2.75,2.3333333333333335
10263,10,2.75,2.3333333333333335
10263,10,1,2.3333333333333335
10263,10,3.5,2.3333333333333335
10263,10,1,2.3333333333333335
10263,10,1.25,2.3333333333333335
10263,10,2.25,2.3333333333333335
10263,10,1.75,2.3333333333333335
10265,10,3,2
10265,10,4,2
10265,10,3,2
10265,10,4,2
10265,10,4,2
10265,10,4,2
10265,10,4,2
10266,10,2,3.3333333333333335
10266,10,3.25,3.3333333333333335
10266,10,3.25,3.3333333333333335
10266,10,3.75,3.3333333333333335
10267,10,1,1.6666666666666667
10267,10,3.5,1.6666666666666667
10267,10,3,1.6666666666666667
10267,10,3.75,1.6666666666666667
10267,10,2,1.6666666666666667
10267,10,2.25,1.6666666666666667
10267,10,1.75,1.6666666666666667
10267,10,2.5,1.6666666666666667
10267,10,2.5,1.6666666666666667
10267,10,2.25,1.6666666666666667
10267,10,1.5,1.6666666666666667
10267,10,3,1.6666666666666667
10267,10,2.25,1.6666666666666667
10267,10,3,1.6666666666666667
10267,10,2,1.6666666666666667
10267,10,3,1.6666666666666667
10267,10,3,1.6666666666666667
10267,10,3,1.6666666666666667
10267,10,2.5,1.6666666666666667
10267,10,3,1.6666666666666667
10267,10,3,1.6666666666666667
10267,10,3,1.6666666666666667
10267,10,3,1.6666666666666667
10268,10,2,2.3333333333333335
10268,10,2.5,2.3333333333333335
10268,10,1.75,2.3333333333333335
10268,10,2.75,2.3333333333333335
10268,10,3,2.3333333333333335
10268,10,3,2.3333333333333335
10268,10,3,2.3333333333333335
10268,10,2.5,2.3333333333333335
10268,10,2.75,2.3333333333333335
10268,10,3,2.3333333333333335
10268,10,2.5,2.3333333333333335
10268,10,3,2.3333333333333335
10268,10,2.75,2.3333333333333335
10268,10,3,2.3333333333333335
10268,10,3,2.3333333333333335
10268,10,3,2.3333333333333335
10268,10,2.5,2.3333333333333335
10268,10,2,2.3333333333333335
10268,10,3,2.3333333333333335
10268,10,2,2.3333333333333335
10269,10,3.75,1.3333333333333333
10269,10,4,1.3333333333333333
10269,10,3.25,1.3333333333333333
10269,10,1.75,1.3333333333333333
10269,10,3.25,1.3333333333333333
10269,10,4,1.3333333333333333
10270,10,3,NA
10270,10,3,NA
10270,10,2,NA
10270,10,3,NA
10270,10,4,NA
10270,10,3.75,NA
10270,10,1,NA
10270,10,3.75,NA
10270,10,2.75,NA
10270,10,3,NA
10270,10,3.75,NA
10270,10,4,NA
10270,10,1.25,NA
10270,10,4,NA
10270,10,3.25,NA
10270,10,4,NA
10271,10,1.75,2.6666666666666665
10271,10,4,2.6666666666666665
10271,10,3.75,2.6666666666666665
10271,10,3.25,2.6666666666666665
10271,10,3.5,2.6666666666666665
10271,10,3.25,2.6666666666666665
10271,10,3.75,2.6666666666666665
10271,10,3,2.6666666666666665
10271,10,1,2.6666666666666665
10271,10,3,2.6666666666666665
10271,10,3,2.6666666666666665
10271,10,3,2.6666666666666665
10272,10,3,NA
10272,10,3,NA
10272,10,4,NA
10272,10,4,NA
10272,10,3.75,NA
10272,10,4,NA
10273,10,1.75,NA
10273,10,1,NA
10273,10,3,NA
10273,10,2,NA
10274,10,2.75,3
10274,10,2.75,3
10274,10,2.75,3
10274,10,2.5,3
10274,10,2.5,3
10274,10,3,3
10274,10,2.5,3
10274,10,3,3
10274,10,2.75,3
10274,10,3,3
10274,10,4,3
10274,10,1,3
10274,10,2.75,3
10274,10,3.25,3
10274,10,2,3
10275,10,1,NA
10275,10,4,NA
10275,10,4,NA
10275,10,4,NA
10275,10,4,NA
10275,10,4,NA
10275,10,4,NA
10275,10,4,NA
10275,10,4,NA
10275,10,4,NA
10275,10,4,NA
10275,10,4,NA
10275,10,4,NA
10275,10,4,NA
10275,10,4,NA
10275,10,4,NA
10275,10,4,NA
10275,10,4,NA
10275,10,4,NA
10275,10,4,NA
10275,10,4,NA
10275,10,4,NA
10275,10,4,NA
10275,10,4,NA
4277,4,2.25,4
4277,4,2.25,4
4277,4,2.5,4
4277,4,2.25,4
4277,4,2,4
4277,4,2,4
4277,4,2.25,4
4277,4,2,4
4277,4,2,4
4277,4,2,4
4277,4,2,4
4277,4,2.5,4
4277,4,2,4
4277,4,1.25,4
4277,4,1.75,4
4277,4,2,4
4277,4,2,4
4277,4,2,4
4277,4,2,4
4277,4,2.25,4
4278,4,3.5,4
4278,4,4,4
4278,4,4,4
4279,4,1.5,3.6666666666666665
4279,4,2.25,3.6666666666666665
4279,4,2.25,3.6666666666666665
4279,4,1.5,3.6666666666666665
4279,4,1.75,3.6666666666666665
4279,4,2.5,3.6666666666666665
4279,4,2,3.6666666666666665
4279,4,1.5,3.6666666666666665
4279,4,2,3.6666666666666665
4279,4,2,3.6666666666666665
4279,4,3,3.6666666666666665
4279,4,2,3.6666666666666665
4279,4,1,3.6666666666666665
4279,4,1.75,3.6666666666666665
4279,4,1.75,3.6666666666666665
4279,4,2.75,3.6666666666666665
4279,4,2.75,3.6666666666666665
4279,4,2.75,3.6666666666666665
4279,4,2.75,3.6666666666666665
